{
    "now": "2024-09-28T09:10:02.740Z",
    "perfNow": 77610034.6,
    "diagnosticCorrelation": "90e5f956-d729-45c9-8b6e-72a4217d8c19",
    "source": "DownloadSupportFiles",
    "environment": {
        "productName": "adf",
        "buildVersion": "1.0.091324.5",
        "environmentType": 3,
        "resourceName": "arshadpeerjade",
        "resourceRegion": "centralindia",
        "resourceGroup": "Arshad_25",
        "subscriptionId": "671c163e-432e-4273-91b6-17a0a9f7561b",
        "sessionId": "K2ub/H91zFj0cGO17f7e8Z",
        "operationId": "",
        "gitType": "GitHub",
        "loggingKey": "5b1b9f95-2a7e-4828-bea7-9ab6bbaa62ff"
    },
    "additionalInfo": {
        "selectedResource": "pl_oracle_5-10tables",
        "selectedResourceType": "pipeline"
    }
}