{
    "name": "DelimitedText2",
    "properties": {
        "linkedServiceName": {
            "referenceName": "AzureDataLakeStorage3",
            "type": "LinkedServiceReference"
        },
        "annotations": [],
        "type": "DelimitedText",
        "typeProperties": {
            "location": {
                "type": "AzureBlobFSLocation",
                "folderPath": "arsh2_gen2",
                "fileSystem": "practiceeee"
            },
            "columnDelimiter": ",",
            "escapeChar": "\\",
            "firstRowAsHeader": true,
            "quoteChar": "\""
        },
        "schema": [
            {
                "name": "10",
                "type": "String"
            },
            {
                "name": "Administration",
                "type": "String"
            },
            {
                "name": "200",
                "type": "String"
            },
            {
                "name": "1700",
                "type": "String"
            }
        ]
    },
    "type": "Microsoft.DataFactory/factories/datasets"
}