{
    "name": "ds_oracle_azure",
    "properties": {
        "linkedServiceName": {
            "referenceName": "ls_sql_azure",
            "type": "LinkedServiceReference"
        },
        "parameters": {
            "table_name": {
                "type": "String"
            }
        },
        "annotations": [],
        "type": "OracleTable",
        "schema": [],
        "typeProperties": {
            "schema": "",
            "table": {
                "value": "@dataset().table_name",
                "type": "Expression"
            }
        }
    },
    "type": "Microsoft.DataFactory/factories/datasets"
}