{
    "name": "pl_oracle_5-10tables",
    "properties": {
        "activities": [
            {
                "name": "oracle_5-10tables",
                "type": "Lookup",
                "dependsOn": [],
                "policy": {
                    "timeout": "0.12:00:00",
                    "retry": 0,
                    "retryIntervalInSeconds": 30,
                    "secureOutput": false,
                    "secureInput": false
                },
                "userProperties": [],
                "typeProperties": {
                    "source": {
                        "type": "OracleSource",
                        "oracleReaderQuery": "select table_name from all_tables where owner = 'SYSTEM'",
                        "partitionOption": "None",
                        "queryTimeout": "02:00:00"
                    },
                    "dataset": {
                        "referenceName": "ds_oracle_azure",
                        "type": "DatasetReference",
                        "parameters": {
                            "table_name": "''"
                        }
                    },
                    "firstRowOnly": false
                }
            },
            {
                "name": "ForEach1",
                "type": "ForEach",
                "dependsOn": [
                    {
                        "activity": "oracle_5-10tables",
                        "dependencyConditions": [
                            "Succeeded"
                        ]
                    }
                ],
                "userProperties": [],
                "typeProperties": {
                    "items": {
                        "value": "@activity('oracle_5-10tables').output.value",
                        "type": "Expression"
                    },
                    "isSequential": true,
                    "activities": [
                        {
                            "name": "Copy data1",
                            "type": "Copy",
                            "dependsOn": [],
                            "policy": {
                                "timeout": "0.12:00:00",
                                "retry": 0,
                                "retryIntervalInSeconds": 30,
                                "secureOutput": false,
                                "secureInput": false
                            },
                            "userProperties": [],
                            "typeProperties": {
                                "source": {
                                    "type": "OracleSource",
                                    "partitionOption": "None",
                                    "queryTimeout": "02:00:00"
                                },
                                "sink": {
                                    "type": "DelimitedTextSink",
                                    "storeSettings": {
                                        "type": "AzureBlobFSWriteSettings"
                                    },
                                    "formatSettings": {
                                        "type": "DelimitedTextWriteSettings",
                                        "quoteAllText": true,
                                        "fileExtension": ".csv"
                                    }
                                },
                                "enableStaging": false,
                                "translator": {
                                    "type": "TabularTranslator",
                                    "typeConversion": true,
                                    "typeConversionSettings": {
                                        "allowDataTruncation": true,
                                        "treatBooleanAsNumber": false
                                    }
                                }
                            },
                            "inputs": [
                                {
                                    "referenceName": "ds_oracle_azure",
                                    "type": "DatasetReference",
                                    "parameters": {
                                        "table_name": {
                                            "value": "@item().table_name",
                                            "type": "Expression"
                                        }
                                    }
                                }
                            ],
                            "outputs": [
                                {
                                    "referenceName": "DelimitedText2",
                                    "type": "DatasetReference"
                                }
                            ]
                        }
                    ]
                }
            }
        ],
        "annotations": [],
        "lastPublishTime": "2024-09-28T08:38:54Z"
    },
    "type": "Microsoft.DataFactory/factories/pipelines"
}